RS_2024-06.csv,,375
RS_2024-12.csv,,586
RS_2024-07.csv,,327
RS_2024-11.csv,,526
RS_2024-05.csv,,481
RS_2024-04.csv,,436
RS_2024-10.csv,,430
RS_2023-09.csv,,353
RS_2024-01.csv,,305
RS_2023-08.csv,,345
RS_2024-03.csv,,359
RS_2024-02.csv,,342
RS_2022-11.csv,,27
RS_2022-12.csv,,122
RS_2025-08.csv,,"1,195"
RS_2025-09.csv,,"1,260"
RS_2025-10.csv,,"1,381"
RS_2025-04.csv,,"1,002"
RS_2025-05.csv,,"1,289"
RS_2025-07.csv,,"1,165"
RS_2025-06.csv,,"1,080"
RS_2025-02.csv,,640
RS_2025-03.csv,,820
RS_2025-01.csv,,538
RS_2023-12.csv,,320
RS_2023-06.csv,,256
RS_2023-07.csv,,301
RS_2023-05.csv,,326
RS_2023-11.csv,,336
RS_2023-10.csv,,407
RS_2023-04.csv,,290
RS_2024-09.csv,,442
RS_2023-01.csv,,230
RS_2024-08.csv,,410
RS_2023-03.csv,,308
RS_2023-02.csv,,216
,,"19,226"