RS_2024-06.csv,,117
RS_2024-12.csv,,225
RS_2024-07.csv,,88
RS_2024-11.csv,,181
RS_2024-05.csv,,126
RS_2024-04.csv,,122
RS_2024-10.csv,,137
RS_2023-09.csv,,125
RS_2024-01.csv,,119
RS_2023-08.csv,,128
RS_2024-03.csv,,83
RS_2024-02.csv,,96
RS_2022-11.csv,,2
RS_2022-12.csv,,58
RS_2025-08.csv,,341
RS_2025-09.csv,,289
RS_2025-10.csv,,324
RS_2025-04.csv,,278
RS_2025-05.csv,,361
RS_2025-07.csv,,300
RS_2025-06.csv,,326
RS_2025-02.csv,,200
RS_2025-03.csv,,232
RS_2025-01.csv,,177
RS_2023-12.csv,,116
RS_2023-06.csv,,109
RS_2023-07.csv,,120
RS_2023-05.csv,,144
RS_2023-11.csv,,108
RS_2023-10.csv,,141
RS_2023-04.csv,,110
RS_2024-09.csv,,149
RS_2023-01.csv,,78
RS_2024-08.csv,,103
RS_2023-03.csv,,100
RS_2023-02.csv,,79
Total,,"5,792"